{"cameraMode":{"drawMode":0,"name":"Shaded","section":"Shading Mode"},"sceneLighting":true,"audioPlay":false,"sceneViewState":{"showFog":true,"showMaterialUpdate":false,"showSkybox":true,"showFlares":true,"showImageEffects":true,"showParticleSystems":true},"in2DMode":false,"pivot":{"x":1.1521329879760743,"y":2.103705644607544,"z":8.390002250671387},"rotation":{"x":-0.11132975667715073,"y":-0.34085869789123537,"z":0.04068852961063385,"w":-0.9326208233833313},"size":8.258753776550293,"orthographic":false}