{"cameraMode":{"drawMode":0,"name":"Shaded","section":"Shading Mode"},"sceneLighting":true,"audioPlay":false,"sceneViewState":{"showFog":true,"showMaterialUpdate":false,"showSkybox":true,"showFlares":true,"showImageEffects":true,"showParticleSystems":true},"in2DMode":false,"pivot":{"x":12.815047264099121,"y":3.1877551078796388,"z":-1.1909675598144532},"rotation":{"x":-0.07426601648330689,"y":0.8936247825622559,"z":-0.41233590245246889,"w":-0.1609501838684082},"size":12.855070114135743,"orthographic":false}